Aforo,Este,Norte,Fecha,Qtotal (m3/s)
Puntilla,196473,8103514,13/05/2016,0.193
Campesino,194248,8103536,13/05/2016,0.48
Centro de visitantes,193407,8104162,13/05/2016,0.425
Motobomba,192546,8104722,13/05/2016,0.696
Camanejos,197321,8100714,13/05/2016,0.169
Dren ciego,194330,8103436,13/05/2016,0.003
Rossy,195723,8102026,13/05/2016,0.006
Puntilla,196473,8103514,15/04/2016,0.291
Campesino,194248,8103536,15/04/2016,
Centro de visitantes,193407,8104162,15/04/2016,0.608
Motobomba,192546,8104722,15/04/2016,0.883
Camanejos,197321,8100714,15/04/2016,0.544
Dren ciego,194330,8103436,15/04/2016,0.055
Rossy,195723,8102026,15/04/2016,0.125
Puntilla,196473,8103514,07/03/2016,0.167
Campesino,194248,8103536,07/03/2016,0.408
Centro de visitantes,193407,8104162,07/03/2016,0.565
Motobomba,192546,8104722,07/03/2016,0.439
Camanejos,197321,8100714,07/03/2016,0.299
Dren ciego,194330,8103436,07/03/2016,0.042
Rossy,195723,8102026,07/03/2016,0.087
Puntilla,196473,8103514,15/02/2016,0.166
Campesino,194248,8103536,15/02/2016,0.284
Centro de visitantes,193407,8104162,15/02/2016,0.26
Motobomba,192546,8104722,15/02/2016,
Camanejos,197321,8100714,15/02/2016,0.204
Dren ciego,194330,8103436,15/02/2016,0.1
Rossy,195723,8102026,15/02/2016,0.11
Puntilla,196473,8103514,15/01/2016,0.114
Campesino,194248,8103536,15/01/2016,0.426
Centro de visitantes,193407,8104162,15/01/2016,0.205
Motobomba,192546,8104722,15/01/2016,
Camanejos,197321,8100714,15/01/2016,0.07
Dren ciego,194330,8103436,15/01/2016,0.002
Rossy,195723,8102026,15/01/2016,0.039
Puntilla,196473,8103514,13/12/2015,0.191
Campesino,194248,8103536,13/12/2015,0.113
Centro de visitantes,193407,8104162,13/12/2015,0.46
Motobomba,192546,8104722,13/12/2015,0.356
Camanejos,197321,8100714,13/12/2015,0.008
Dren ciego,194330,8103436,13/12/2015,0.016
Rossy,195723,8102026,13/12/2015,0.002
Puntilla,196473,8103514,16/11/2015,0.176
Campesino,194248,8103536,16/11/2015,0.874
Centro de visitantes,193407,8104162,16/11/2015,0.559
Motobomba,192546,8104722,16/11/2015,0.489
Camanejos,197321,8100714,16/11/2015,0.088
Dren ciego,194330,8103436,16/11/2015,0.002
Rossy,195723,8102026,16/11/2015,0.004
Puntilla,196473,8103514,12/10/2015,0.194
Campesino,194248,8103536,12/10/2015,0.696
Centro de visitantes,193407,8104162,12/10/2015,0.592
Motobomba,192546,8104722,12/10/2015,0.499
Camanejos,197321,8100714,12/10/2015,0.107
Dren ciego,194330,8103436,12/10/2015,0.001
Rossy,195723,8102026,12/10/2015,0.002
Puntilla,196473,8103514,12/09/2015,0.209
Campesino,194248,8103536,12/09/2015,0.947
Centro de visitantes,193407,8104162,12/09/2015,0.539
Motobomba,192546,8104722,12/09/2015,0.732
Camanejos,197321,8100714,12/09/2015,0.076
Dren ciego,194330,8103436,12/09/2015,
Rossy,195723,8102026,12/09/2015,0.003
Puntilla,196473,8103514,11/08/2015,0.217
Campesino,194248,8103536,11/08/2015,2.007
Centro de visitantes,193407,8104162,11/08/2015,0.559
Motobomba,192546,8104722,11/08/2015,0.638
Camanejos,197321,8100714,11/08/2015,0.132
Dren ciego,194330,8103436,11/08/2015,0
Rossy,195723,8102026,11/08/2015,0.006
Puntilla,196473,8103514,13/07/2015,0.227
Campesino,194248,8103536,13/07/2015,0.888
Centro de visitantes,193407,8104162,13/07/2015,0.528
Motobomba,192546,8104722,13/07/2015,0.501
Camanejos,197321,8100714,13/07/2015,0.065
Dren ciego,194330,8103436,13/07/2015,0
Rossy,195723,8102026,13/07/2015,0.006
Puntilla,196473,8103514,12/06/2015,0.197
Campesino,194248,8103536,12/06/2015,0.28
Centro de visitantes,193407,8104162,12/06/2015,0.329
Motobomba,192546,8104722,12/06/2015,0.268
Camanejos,197321,8100714,12/06/2015,0.058
Dren ciego,194330,8103436,12/06/2015,0
Rossy,195723,8102026,12/06/2015,0.163
Puntilla,196473,8103514,11/05/2015,0.286
Campesino,194248,8103536,11/05/2015,0.577
Centro de visitantes,193407,8104162,11/05/2015,0.184
Motobomba,192546,8104722,11/05/2015,0.597
Camanejos,197321,8100714,11/05/2015,0.143
Dren ciego,194330,8103436,11/05/2015,0.012
Rossy,195723,8102026,11/05/2015,0.012
Puntilla,196473,8103514,13/04/2015,0.201
Campesino,194248,8103536,13/04/2015,0.858
Centro de visitantes,193407,8104162,13/04/2015,0.64
Motobomba,192546,8104722,13/04/2015,0.664
Camanejos,197321,8100714,13/04/2015,0.318
Dren ciego,194330,8103436,13/04/2015,0.165
Rossy,195723,8102026,13/04/2015,0.165
Puntilla,196473,8103514,10/03/2015,0.163
Campesino,194248,8103536,10/03/2015,0.879
Centro de visitantes,193407,8104162,10/03/2015,0.82
Motobomba,192546,8104722,10/03/2015,0.77
Camanejos,197321,8100714,10/03/2015,0.272
Dren ciego,194330,8103436,10/03/2015,0.058
Rossy,195723,8102026,10/03/2015,0.16
Puntilla,196473,8103514,09/02/2015,0.311
Campesino,194248,8103536,09/02/2015,0.981
Centro de visitantes,193407,8104162,09/02/2015,0.805
Motobomba,192546,8104722,09/02/2015,0.864
Camanejos,197321,8100714,09/02/2015,0.403
Dren ciego,194330,8103436,09/02/2015,0.047
Rossy,195723,8102026,09/02/2015,0.265
Puntilla,196473,8103514,12/01/2015,0.25
Campesino,194248,8103536,12/01/2015,0.476
Centro de visitantes,193407,8104162,12/01/2015,0.502
Motobomba,192546,8104722,12/01/2015,0.501
Camanejos,197321,8100714,12/01/2015,0.131
Dren ciego,194330,8103436,12/01/2015,0.068
Rossy,195723,8102026,12/01/2015,0.064
Puntilla,196473,8103514,11/01/2014,0.287
Campesino,194248,8103536,11/01/2014,0
Centro de visitantes,193407,8104162,11/01/2014,0.651
Motobomba,192546,8104722,11/01/2014,0.01
Camanejos,197321,8100714,11/01/2014,0.146
Dren ciego,194330,8103436,11/01/2014,0.093
Rossy,195723,8102026,11/01/2014,0.211
Puntilla,196473,8103514,13/02/2014,0.329
Campesino,194248,8103536,13/02/2014,0
Centro de visitantes,193407,8104162,13/02/2014,0.726
Motobomba,192546,8104722,13/02/2014,0.693
Camanejos,197321,8100714,13/02/2014,0.226
Dren ciego,194330,8103436,13/02/2014,0
Rossy,195723,8102026,13/02/2014,0.273
Puntilla,196473,8103514,13/02/2014,0.161
Campesino,194248,8103536,13/03/2014,0
Centro de visitantes,193407,8104162,13/03/2014,0.738
Motobomba,192546,8104722,13/03/2014,0.787
Camanejos,197321,8100714,13/03/2014,0
Dren ciego,194330,8103436,13/03/2014,0
Rossy,195723,8102026,13/03/2014,0.192
Puntilla,196473,8103514,11/04/2014,0.312
Campesino,194248,8103536,11/04/2014,0
Centro de visitantes,193407,8104162,11/04/2014,1.431
Motobomba,192546,8104722,11/04/2014,1.77
Camanejos,197321,8100714,11/04/2014,0.204
Dren ciego,194330,8103436,11/04/2014,0
Rossy,195723,8102026,11/04/2014,0.177
Puntilla,196473,8103514,16/06/2014,0
Campesino,194248,8103536,16/06/2014,0
Centro de visitantes,193407,8104162,16/06/2014,0.69
Motobomba,192546,8104722,16/06/2014,0.487
Camanejos,197321,8100714,16/06/2014,0.011
Dren ciego,194330,8103436,16/06/2014,0
Rossy,195723,8102026,16/06/2014,0.003
Puntilla,196473,8103514,13/07/2014,0.003
Campesino,194248,8103536,13/07/2014,0
Centro de visitantes,193407,8104162,13/07/2014,0.651
Motobomba,192546,8104722,13/07/2014,0.018
Camanejos,197321,8100714,13/07/2014,0.146
Dren ciego,194330,8103436,13/07/2014,0.194
Rossy,195723,8102026,13/07/2014,0.211
Puntilla,196473,8103514,11/08/2014,0
Campesino,194248,8103536,11/08/2014,0
Centro de visitantes,193407,8104162,11/08/2014,0.644
Motobomba,192546,8104722,11/08/2014,1.074
Camanejos,197321,8100714,11/08/2014,0.089
Dren ciego,194330,8103436,11/08/2014,
Rossy,195723,8102026,11/08/2014,0.006
Puntilla,196473,8103514,11/09/2014,0.252
Campesino,194248,8103536,11/09/2014,0.624
Centro de visitantes,193407,8104162,11/09/2014,0.625
Motobomba,192546,8104722,11/09/2014,0.642
Camanejos,197321,8100714,11/09/2014,0.108
Dren ciego,194330,8103436,11/09/2014,0.055
Rossy,195723,8102026,11/09/2014,0.068
Puntilla,196473,8103514,14/10/2014,0
Campesino,194248,8103536,14/10/2014,0.417
Centro de visitantes,193407,8104162,14/10/2014,0.551
Motobomba,192546,8104722,14/10/2014,0.591
Camanejos,197321,8100714,14/10/2014,0.119
Dren ciego,194330,8103436,14/10/2014,0.002
Rossy,195723,8102026,14/10/2014,0.008
Puntilla,196473,8103514,10/11/2014,0.197
Campesino,194248,8103536,10/11/2014,0.457
Centro de visitantes,193407,8104162,10/11/2014,0.456
Motobomba,192546,8104722,10/11/2014,0.356
Camanejos,197321,8100714,10/11/2014,0.121
Dren ciego,194330,8103436,10/11/2014,0.172
Rossy,195723,8102026,10/11/2014,0.006
Puntilla,196473,8103514,13/12/2014,
Campesino,194248,8103536,13/12/2014,
Centro de visitantes,193407,8104162,13/12/2014,0.326
Motobomba,192546,8104722,13/12/2014,0.31
Camanejos,197321,8100714,13/12/2014,0.095
Dren ciego,194330,8103436,13/12/2014,0.06
Rossy,195723,8102026,13/12/2014,0.043
Puntilla,196473,8103514,17/01/2013,0.16
Campesino,194248,8103536,17/01/2013,0.672
Centro de visitantes,193407,8104162,17/01/2013,0.626
Motobomba,192546,8104722,17/01/2013,0.635
Camanejos,197321,8100714,17/01/2013,0.366
Dren ciego,194330,8103436,17/01/2013,0.147
Rossy,195723,8102026,17/01/2013,0.405
Puntilla,196473,8103514,15/02/2013,0.497
Campesino,194248,8103536,15/02/2013,0.909
Centro de visitantes,193407,8104162,15/02/2013,0.705
Motobomba,192546,8104722,15/02/2013,0.749
Camanejos,197321,8100714,15/02/2013,0.29
Dren ciego,194330,8103436,15/02/2013,0.172
Rossy,195723,8102026,15/02/2013,0.427
Puntilla,196473,8103514,12/03/2013,0.319
Campesino,194248,8103536,12/03/2013,1.465
Centro de visitantes,193407,8104162,12/03/2013,0.698
Motobomba,192546,8104722,12/03/2013,0.505
Camanejos,197321,8100714,12/03/2013,0.373
Dren ciego,194330,8103436,12/03/2013,0.492
Rossy,195723,8102026,12/03/2013,0.638
Puntilla,196473,8103514,17/04/2013,0.253
Campesino,194248,8103536,17/04/2013,0.606
Centro de visitantes,193407,8104162,17/04/2013,0.582
Motobomba,192546,8104722,17/04/2013,0.623
Camanejos,197321,8100714,17/04/2013,0.009
Dren ciego,194330,8103436,17/04/2013,0.012
Rossy,195723,8102026,17/04/2013,0.418
Puntilla,196473,8103514,17/5/2013,0.414
Campesino,194248,8103536,17/5/2013,0.606
Centro de visitantes,193407,8104162,17/5/2013,0.676
Motobomba,192546,8104722,17/5/2013,0.583
Camanejos,197321,8100714,17/5/2013,0.083
Dren ciego,194330,8103436,17/5/2013,0.009
Rossy,195723,8102026,17/5/2013,0.034
Puntilla,196473,8103514,14/06/2013,0.266
Campesino,194248,8103536,14/06/2013,0.77
Centro de visitantes,193407,8104162,14/06/2013,0.758
Motobomba,192546,8104722,14/06/2013,0.667
Camanejos,197321,8100714,14/06/2013,0.006
Dren ciego,194330,8103436,14/06/2013,0
Rossy,195723,8102026,14/06/2013,0.009
Puntilla,196473,8103514,12/08/2013,0.286
Campesino,194248,8103536,12/08/2013,0.598
Centro de visitantes,193407,8104162,12/08/2013,0.633
Motobomba,192546,8104722,12/08/2013,0.709
Camanejos,197321,8100714,12/08/2013,0.006
Dren ciego,194330,8103436,12/08/2013,0
Rossy,195723,8102026,12/08/2013,0.005
Puntilla,196473,8103514,17/09/2013,0.323
Campesino,194248,8103536,17/09/2013,0.633
Centro de visitantes,193407,8104162,17/09/2013,1.275
Motobomba,192546,8104722,17/09/2013,0.69
Camanejos,197321,8100714,17/09/2013,0.006
Dren ciego,194330,8103436,17/09/2013,0
Rossy,195723,8102026,17/09/2013,0.008
Puntilla,196473,8103514,16/10/2013,0.415
Campesino,194248,8103536,16/10/2013,0.561
Centro de visitantes,193407,8104162,16/10/2013,0.782
Motobomba,192546,8104722,16/10/2013,0.666
Camanejos,197321,8100714,16/10/2013,0.028
Dren ciego,194330,8103436,16/10/2013,0.039
Rossy,195723,8102026,16/10/2013,0.005
Puntilla,196473,8103514,12/11/2013,0.279
Campesino,194248,8103536,12/11/2013,0.561
Centro de visitantes,193407,8104162,12/11/2013,0.63
Motobomba,192546,8104722,12/11/2013,0.66
Camanejos,197321,8100714,12/11/2013,0.068
Dren ciego,194330,8103436,12/11/2013,0.119
Rossy,195723,8102026,12/11/2013,0.065
Puntilla,196473,8103514,12/12/2013,0.222
Campesino,194248,8103536,12/12/2013,1.099
Centro de visitantes,193407,8104162,12/12/2013,0.653
Motobomba,192546,8104722,12/12/2013,0.62
Camanejos,197321,8100714,12/12/2013,0.116
Dren ciego,194330,8103436,12/12/2013,0.025
Rossy,195723,8102026,12/12/2013,0.162
Puntilla,196473,8103514,13/01/2012,0.252
Campesino,194248,8103536,13/01/2012,0.601
Centro de visitantes,193407,8104162,13/01/2012,0.646
Motobomba,192546,8104722,13/01/2012,0.678
Camanejos,197321,8100714,13/01/2012,0.007
Dren ciego,194330,8103436,13/01/2012,0.152
Rossy,195723,8102026,13/01/2012,0.045
Puntilla,196473,8103514,16/02/2012,0.338
Campesino,194248,8103536,16/02/2012,0.822
Centro de visitantes,193407,8104162,16/02/2012,0.836
Motobomba,192546,8104722,16/02/2012,0.763
Camanejos,197321,8100714,16/02/2012,0.225
Dren ciego,194330,8103436,16/02/2012,0.249
Rossy,195723,8102026,16/02/2012,0.546
Puntilla,196473,8103514,16/03/2012,0.206
Campesino,194248,8103536,16/03/2012,0.69
Centro de visitantes,193407,8104162,16/03/2012,0.683
Motobomba,192546,8104722,16/03/2012,0.84
Camanejos,197321,8100714,16/03/2012,0.128
Dren ciego,194330,8103436,16/03/2012,0.2
Rossy,195723,8102026,16/03/2012,0.279
Puntilla,196473,8103514,18/04/2012,0.247
Campesino,194248,8103536,18/04/2012,0.69
Centro de visitantes,193407,8104162,18/04/2012,0.725
Motobomba,192546,8104722,18/04/2012,0.914
Camanejos,197321,8100714,18/04/2012,0.22
Dren ciego,194330,8103436,18/04/2012,0.751
Rossy,195723,8102026,18/04/2012,0.367
Puntilla,196473,8103514,15/05/2012,0.224
Campesino,194248,8103536,15/05/2012,0.381
Centro de visitantes,193407,8104162,15/05/2012,0.481
Motobomba,192546,8104722,15/05/2012,0.475
Camanejos,197321,8100714,15/05/2012,0.113
Dren ciego,194330,8103436,15/05/2012,0.047
Rossy,195723,8102026,15/05/2012,0.008
Puntilla,196473,8103514,14/06/2012,0.155
Campesino,194248,8103536,14/06/2012,0.307
Centro de visitantes,193407,8104162,14/06/2012,0.503
Motobomba,192546,8104722,14/06/2012,0.524
Camanejos,197321,8100714,14/06/2012,0.113
Dren ciego,194330,8103436,14/06/2012,0.034
Rossy,195723,8102026,14/06/2012,0.027
Puntilla,196473,8103514,13/07/2012,0.177
Campesino,194248,8103536,13/07/2012,0.307
Centro de visitantes,193407,8104162,13/07/2012,0.5
Motobomba,192546,8104722,13/07/2012,0.478
Camanejos,197321,8100714,13/07/2012,0.172
Dren ciego,194330,8103436,13/07/2012,0.069
Rossy,195723,8102026,13/07/2012,0.059
Puntilla,196473,8103514,20/08/2012,0.264
Campesino,194248,8103536,20/08/2012,0.745
Centro de visitantes,193407,8104162,20/08/2012,0.669
Motobomba,192546,8104722,20/08/2012,1.044
Camanejos,197321,8100714,20/08/2012,0.172
Dren ciego,194330,8103436,20/08/2012,0.069
Rossy,195723,8102026,20/08/2012,0.006
Puntilla,196473,8103514,12/09/2012,0.146
Campesino,194248,8103536,12/09/2012,0.745
Centro de visitantes,193407,8104162,12/09/2012,0.596
Motobomba,192546,8104722,12/09/2012,0.545
Camanejos,197321,8100714,12/09/2012,0.283
Dren ciego,194330,8103436,12/09/2012,0.084
Rossy,195723,8102026,12/09/2012,0.065
Puntilla,196473,8103514,10/10/2012,0.256
Campesino,194248,8103536,10/10/2012,0.693
Centro de visitantes,193407,8104162,10/10/2012,0.642
Motobomba,192546,8104722,10/10/2012,0.722
Camanejos,197321,8100714,10/10/2012,0.194
Dren ciego,194330,8103436,10/10/2012,0.071
Rossy,195723,8102026,10/10/2012,0.158
Puntilla,196473,8103514,13/11/2012,0.302
Campesino,194248,8103536,13/11/2012,0.291
Centro de visitantes,193407,8104162,13/11/2012,0.738
Motobomba,192546,8104722,13/11/2012,0.574
Camanejos,197321,8100714,13/11/2012,0.385
Dren ciego,194330,8103436,13/11/2012,0.289
Rossy,195723,8102026,13/11/2012,0.273
Puntilla,196473,8103514,13/12/2012,0.17
Campesino,194248,8103536,13/12/2012,0.588
Centro de visitantes,193407,8104162,13/12/2012,0.572
Motobomba,192546,8104722,13/12/2012,0.519
Camanejos,197321,8100714,13/12/2012,0.161
Dren ciego,194330,8103436,13/12/2012,0.009
Rossy,195723,8102026,13/12/2012,0.229
Puntilla,196473,8103514,14/01/2011,0.186
Campesino,194248,8103536,14/01/2011,0.302
Centro de visitantes,193407,8104162,14/01/2011,0.441
Motobomba,192546,8104722,14/01/2011,0.409
Camanejos,197321,8100714,14/01/2011,0.125
Dren ciego,194330,8103436,14/01/2011,0.209
Rossy,195723,8102026,14/01/2011,0.227
Puntilla,196473,8103514,14/02/2011,0.196
Campesino,194248,8103536,14/02/2011,0.391
Centro de visitantes,193407,8104162,14/02/2011,0.336
Motobomba,192546,8104722,14/02/2011,0.621
Camanejos,197321,8100714,14/02/2011,0.048
Dren ciego,194330,8103436,14/02/2011,0.18
Rossy,195723,8102026,14/02/2011,0.176
Puntilla,196473,8103514,14/03/2011,0.188
Campesino,194248,8103536,14/03/2011,0.391
Centro de visitantes,193407,8104162,14/03/2011,0.465
Motobomba,192546,8104722,14/03/2011,0.498
Camanejos,197321,8100714,14/03/2011,0.113
Dren ciego,194330,8103436,14/03/2011,0.176
Rossy,195723,8102026,14/03/2011,0.285
Puntilla,196473,8103514,15/04/2011,0.218
Campesino,194248,8103536,15/04/2011,0.391
Centro de visitantes,193407,8104162,15/04/2011,0.496
Motobomba,192546,8104722,15/04/2011,0.779
Camanejos,197321,8100714,15/04/2011,0.113
Dren ciego,194330,8103436,15/04/2011,0.146
Rossy,195723,8102026,15/04/2011,0.285
Puntilla,196473,8103514,12/05/2011,0.341
Campesino,194248,8103536,12/05/2011,0.391
Centro de visitantes,193407,8104162,12/05/2011,0.73
Motobomba,192546,8104722,12/05/2011,0.673
Camanejos,197321,8100714,12/05/2011,0.113
Dren ciego,194330,8103436,12/05/2011,0.133
Rossy,195723,8102026,12/05/2011,0.054
Puntilla,196473,8103514,14/06/2011,0.248
Campesino,194248,8103536,14/06/2011,0.391
Centro de visitantes,193407,8104162,14/06/2011,1.282
Motobomba,192546,8104722,14/06/2011,0.673
Camanejos,197321,8100714,14/06/2011,0.016
Dren ciego,194330,8103436,14/06/2011,0.215
Rossy,195723,8102026,14/06/2011,0.029
Puntilla,196473,8103514,14/07/2011,0.288
Campesino,194248,8103536,14/07/2011,1.048
Centro de visitantes,193407,8104162,14/07/2011,0.482
Motobomba,192546,8104722,14/07/2011,0.95
Camanejos,197321,8100714,14/07/2011,0.001
Dren ciego,194330,8103436,14/07/2011,0
Rossy,195723,8102026,14/07/2011,0.011
Puntilla,196473,8103514,17/08/2011,0.328
Campesino,194248,8103536,17/08/2011,1.048
Centro de visitantes,193407,8104162,17/08/2011,0.671
Motobomba,192546,8104722,17/08/2011,0.95
Camanejos,197321,8100714,17/08/2011,0.007
Dren ciego,194330,8103436,17/08/2011,0.024
Rossy,195723,8102026,17/08/2011,0.058
Puntilla,196473,8103514,14/09/2011,0.265
Campesino,194248,8103536,14/09/2011,0.716
Centro de visitantes,193407,8104162,14/09/2011,0.778
Motobomba,192546,8104722,14/09/2011,0.786
Camanejos,197321,8100714,14/09/2011,0.033
Dren ciego,194330,8103436,14/09/2011,0.037
Rossy,195723,8102026,14/09/2011,0.081
Puntilla,196473,8103514,14/10/2011,0.174
Campesino,194248,8103536,14/10/2011,0.716
Centro de visitantes,193407,8104162,14/10/2011,0.444
Motobomba,192546,8104722,14/10/2011,0.786
Camanejos,197321,8100714,14/10/2011,0.017
Dren ciego,194330,8103436,14/10/2011,0.071
Rossy,195723,8102026,14/10/2011,0.102
Puntilla,196473,8103514,15/11/2011,0.189
Campesino,194248,8103536,15/11/2011,0.501
Centro de visitantes,193407,8104162,15/11/2011,0.246
Motobomba,192546,8104722,15/11/2011,0.428
Camanejos,197321,8100714,15/11/2011,0.007
Dren ciego,194330,8103436,15/11/2011,0.498
Rossy,195723,8102026,15/11/2011,0.02
Puntilla,196473,8103514,15/12/2011,0.198
Campesino,194248,8103536,15/12/2011,0.501
Centro de visitantes,193407,8104162,15/12/2011,0.535
Motobomba,192546,8104722,15/12/2011,0.428
Camanejos,197321,8100714,15/12/2011,0.007
Dren ciego,194330,8103436,15/12/2011,0.126
Rossy,195723,8102026,15/12/2011,0.106
Puntilla,196473,8103514,14/01/2010,0.125
Campesino,194248,8103536,14/01/2010,0.713
Centro de visitantes,193407,8104162,14/01/2010,0.465
Motobomba,192546,8104722,14/01/2010,1.086
Camanejos,197321,8100714,14/01/2010,0.008
Dren ciego,194330,8103436,14/01/2010,0.153
Rossy,195723,8102026,14/01/2010,0.162
Puntilla,196473,8103514,15/02/2010,0.344
Campesino,194248,8103536,15/02/2010,0.902
Centro de visitantes,193407,8104162,15/02/2010,0.769
Motobomba,192546,8104722,15/02/2010,0.867
Camanejos,197321,8100714,15/02/2010,0.077
Dren ciego,194330,8103436,15/02/2010,0.208
Rossy,195723,8102026,15/02/2010,0.143
Puntilla,196473,8103514,13/03/2010,0.375
Campesino,194248,8103536,13/03/2010,1.38
Centro de visitantes,193407,8104162,13/03/2010,1.069
Motobomba,192546,8104722,13/03/2010,0.74
Camanejos,197321,8100714,13/03/2010,0.049
Dren ciego,194330,8103436,13/03/2010,0.011
Rossy,195723,8102026,13/03/2010,0.007
Puntilla,196473,8103514,15/04/2010,0.347
Campesino,194248,8103536,15/04/2010,1.1
Centro de visitantes,193407,8104162,15/04/2010,0.61
Motobomba,192546,8104722,15/04/2010,0.885
Camanejos,197321,8100714,15/04/2010,0.068
Dren ciego,194330,8103436,15/04/2010,0.054
Rossy,195723,8102026,15/04/2010,0.356
Puntilla,196473,8103514,18/05/2010,0.249
Campesino,194248,8103536,18/05/2010,0.696
Centro de visitantes,193407,8104162,18/05/2010,0.621
Motobomba,192546,8104722,18/05/2010,0.67
Camanejos,197321,8100714,18/05/2010,0.01
Dren ciego,194330,8103436,18/05/2010,0.01
Rossy,195723,8102026,18/05/2010,0.004
Puntilla,196473,8103514,21/06/2010,0.376
Campesino,194248,8103536,21/06/2010,0.585
Centro de visitantes,193407,8104162,21/06/2010,0.523
Motobomba,192546,8104722,21/06/2010,0.749
Camanejos,197321,8100714,21/06/2010,0.009
Dren ciego,194330,8103436,21/06/2010,0
Rossy,195723,8102026,21/06/2010,0.005
Puntilla,196473,8103514,14/07/2010,0.306
Campesino,194248,8103536,14/07/2010,0.734
Centro de visitantes,193407,8104162,14/07/2010,0.607
Motobomba,192546,8104722,14/07/2010,1.12
Camanejos,197321,8100714,14/07/2010,0.048
Dren ciego,194330,8103436,14/07/2010,0.067
Rossy,195723,8102026,14/07/2010,0.016
Puntilla,196473,8103514,12/08/2010,0.319
Campesino,194248,8103536,12/08/2010,0.823
Centro de visitantes,193407,8104162,12/08/2010,0.437
Motobomba,192546,8104722,12/08/2010,0.468
Camanejos,197321,8100714,12/08/2010,0.003
Dren ciego,194330,8103436,12/08/2010,0.035
Rossy,195723,8102026,12/08/2010,0.002
Puntilla,196473,8103514,14/09/2010,0.206
Campesino,194248,8103536,14/09/2010,0.443
Centro de visitantes,193407,8104162,14/09/2010,0.37
Motobomba,192546,8104722,14/09/2010,0.394
Camanejos,197321,8100714,14/09/2010,0.07
Dren ciego,194330,8103436,14/09/2010,0.004
Rossy,195723,8102026,14/09/2010,0.023
Puntilla,196473,8103514,15/10/2010,0.206
Campesino,194248,8103536,15/10/2010,0.424
Centro de visitantes,193407,8104162,15/10/2010,0.204
Motobomba,192546,8104722,15/10/2010,0.324
Camanejos,197321,8100714,15/10/2010,0.001
Dren ciego,194330,8103436,15/10/2010,0.004
Rossy,195723,8102026,15/10/2010,0
Puntilla,196473,8103514,23/11/2010,0.261
Campesino,194248,8103536,23/11/2010,0.73
Centro de visitantes,193407,8104162,23/11/2010,0.516
Motobomba,192546,8104722,23/11/2010,0.542
Camanejos,197321,8100714,23/11/2010,0.005
Dren ciego,194330,8103436,23/11/2010,0.004
Rossy,195723,8102026,23/11/2010,0.492
Puntilla,196473,8103514,13/12/2010,0.391
Campesino,194248,8103536,13/12/2010,0.598
Centro de visitantes,193407,8104162,13/12/2010,0.387
Motobomba,192546,8104722,13/12/2010,0.747
Camanejos,197321,8100714,13/12/2010,0.006
Dren ciego,194330,8103436,13/12/2010,0.005
Rossy,195723,8102026,13/12/2010,0.002
Puntilla,196473,8103514,10/01/2009,0.146
Campesino,194248,8103536,10/01/2009,0.626
Centro de visitantes,193407,8104162,10/01/2009,0.383
Motobomba,192546,8104722,10/01/2009,0.506
Camanejos,197321,8100714,10/01/2009,0.022
Dren ciego,194330,8103436,10/01/2009,0.264
Rossy,195723,8102026,10/01/2009,0.308
Puntilla,196473,8103514,09/02/2009,0.275
Campesino,194248,8103536,09/02/2009,0.677
Centro de visitantes,193407,8104162,09/02/2009,0.537
Motobomba,192546,8104722,09/02/2009,0.611
Camanejos,197321,8100714,09/02/2009,0.118
Dren ciego,194330,8103436,09/02/2009,0.327
Rossy,195723,8102026,09/02/2009,0.091
Puntilla,196473,8103514,15/03/2009,0.348
Campesino,194248,8103536,15/03/2009,1.034
Centro de visitantes,193407,8104162,15/03/2009,0.982
Motobomba,192546,8104722,15/03/2009,0.712
Camanejos,197321,8100714,15/03/2009,0.329
Dren ciego,194330,8103436,15/03/2009,0.106
Rossy,195723,8102026,15/03/2009,0.013
Puntilla,196473,8103514,15/04/2009,0.192
Campesino,194248,8103536,15/04/2009,0.686
Centro de visitantes,193407,8104162,15/04/2009,0.624
Motobomba,192546,8104722,15/04/2009,0.717
Camanejos,197321,8100714,15/04/2009,0.152
Dren ciego,194330,8103436,15/04/2009,0.187
Rossy,195723,8102026,15/04/2009,0.368
Puntilla,196473,8103514,18/05/2009,0.362
Campesino,194248,8103536,18/05/2009,0.629
Centro de visitantes,193407,8104162,18/05/2009,0.66
Motobomba,192546,8104722,18/05/2009,0.595
Camanejos,197321,8100714,18/05/2009,0.009
Dren ciego,194330,8103436,18/05/2009,0.078
Rossy,195723,8102026,18/05/2009,0.004
Puntilla,196473,8103514,21/06/2009,0.325
Campesino,194248,8103536,21/06/2009,0.917
Centro de visitantes,193407,8104162,21/06/2009,0.497
Motobomba,192546,8104722,21/06/2009,0.57
Camanejos,197321,8100714,21/06/2009,0.001
Dren ciego,194330,8103436,21/06/2009,0
Rossy,195723,8102026,21/06/2009,0.005
Puntilla,196473,8103514,12/07/2009,0.237
Campesino,194248,8103536,12/07/2009,0.978
Centro de visitantes,193407,8104162,12/07/2009,0.763
Motobomba,192546,8104722,12/07/2009,1.003
Camanejos,197321,8100714,12/07/2009,0
Dren ciego,194330,8103436,12/07/2009,0.005
Rossy,195723,8102026,12/07/2009,0.005
Puntilla,196473,8103514,11/08/2009,0.258
Campesino,194248,8103536,11/08/2009,1.119
Centro de visitantes,193407,8104162,11/08/2009,0.836
Motobomba,192546,8104722,11/08/2009,0.834
Camanejos,197321,8100714,11/08/2009,0
Dren ciego,194330,8103436,11/08/2009,0.003
Rossy,195723,8102026,11/08/2009,0.029
Puntilla,196473,8103514,17/09/2009,0.206
Campesino,194248,8103536,17/09/2009,0.683
Centro de visitantes,193407,8104162,17/09/2009,0.571
Motobomba,192546,8104722,17/09/2009,0.54
Camanejos,197321,8100714,17/09/2009,0.021
Dren ciego,194330,8103436,17/09/2009,0.001
Rossy,195723,8102026,17/09/2009,0.016
Puntilla,196473,8103514,14/10/2009,0.16
Campesino,194248,8103536,14/10/2009,0.484
Centro de visitantes,193407,8104162,14/10/2009,0.449
Motobomba,192546,8104722,14/10/2009,0.389
Camanejos,197321,8100714,14/10/2009,0.025
Dren ciego,194330,8103436,14/10/2009,0.002
Rossy,195723,8102026,14/10/2009,0
Puntilla,196473,8103514,10/11/2009,0.176
Campesino,194248,8103536,10/11/2009,0.556
Centro de visitantes,193407,8104162,10/11/2009,0.468
Motobomba,192546,8104722,10/11/2009,0.526
Camanejos,197321,8100714,10/11/2009,0.039
Dren ciego,194330,8103436,10/11/2009,0.006
Rossy,195723,8102026,10/11/2009,0
Puntilla,196473,8103514,08/12/2009,0.2
Campesino,194248,8103536,08/12/2009,0.594
Centro de visitantes,193407,8104162,08/12/2009,0.285
Motobomba,192546,8104722,08/12/2009,0.464
Camanejos,197321,8100714,08/12/2009,0.016
Dren ciego,194330,8103436,08/12/2009,0.118
Rossy,195723,8102026,08/12/2009,0.029
Puntilla,196473,8103514,20/01/2008,0.166
Campesino,194248,8103536,20/01/2008,0.808
Centro de visitantes,193407,8104162,20/01/2008,0.688
Motobomba,192546,8104722,20/01/2008,0.725
Camanejos,197321,8100714,20/01/2008,0.099
Dren ciego,194330,8103436,20/01/2008,0.57
Rossy,195723,8102026,20/01/2008,0.31
Puntilla,196473,8103514,16/02/2008,0.204
Campesino,194248,8103536,16/02/2008,0.627
Centro de visitantes,193407,8104162,16/02/2008,0.631
Motobomba,192546,8104722,16/02/2008,0.391
Camanejos,197321,8100714,16/02/2008,0.013
Dren ciego,194330,8103436,16/02/2008,0.663
Rossy,195723,8102026,16/02/2008,0.248
Puntilla,196473,8103514,15/03/2008,0.348
Campesino,194248,8103536,15/03/2008,1.034
Centro de visitantes,193407,8104162,15/03/2008,0.982
Motobomba,192546,8104722,15/03/2008,0.712
Camanejos,197321,8100714,15/03/2008,0.329
Dren ciego,194330,8103436,15/03/2008,0.106
Rossy,195723,8102026,15/03/2008,0.013
Puntilla,196473,8103514,15/04/2008,0.347
Campesino,194248,8103536,15/04/2008,1.1
Centro de visitantes,193407,8104162,15/04/2008,0.61
Motobomba,192546,8104722,15/04/2008,0.885
Camanejos,197321,8100714,15/04/2008,0.068
Dren ciego,194330,8103436,15/04/2008,0.054
Rossy,195723,8102026,15/04/2008,0.356
Puntilla,196473,8103514,18/05/2008,0.249
Campesino,194248,8103536,18/05/2008,0.696
Centro de visitantes,193407,8104162,18/05/2008,0.621
Motobomba,192546,8104722,18/05/2008,0.67
Camanejos,197321,8100714,18/05/2008,0.007
Dren ciego,194330,8103436,18/05/2008,0.004
Rossy,195723,8102026,18/05/2008,0.01
Puntilla,196473,8103514,21/06/2008,0.376
Campesino,194248,8103536,21/06/2008,0.585
Centro de visitantes,193407,8104162,21/06/2008,0.523
Motobomba,192546,8104722,21/06/2008,0.749
Camanejos,197321,8100714,21/06/2008,0.005
Dren ciego,194330,8103436,21/06/2008,0.009
Rossy,195723,8102026,21/06/2008,0
Puntilla,196473,8103514,12/07/2008,0.237
Campesino,194248,8103536,12/07/2008,0.978
Centro de visitantes,193407,8104162,12/07/2008,0.763
Motobomba,192546,8104722,12/07/2008,1.003
Camanejos,197321,8100714,12/07/2008,0.005
Dren ciego,194330,8103436,12/07/2008,0
Rossy,195723,8102026,12/07/2008,0.005
Puntilla,196473,8103514,11/08/2008,0.258
Campesino,194248,8103536,11/08/2008,1.119
Centro de visitantes,193407,8104162,11/08/2008,0.536
Motobomba,192546,8104722,11/08/2008,0.834
Camanejos,197321,8100714,11/08/2008,0.029
Dren ciego,194330,8103436,11/08/2008,0
Rossy,195723,8102026,11/08/2008,0.003
Puntilla,196473,8103514,17/09/2008,0.206
Campesino,194248,8103536,17/09/2008,0.683
Centro de visitantes,193407,8104162,17/09/2008,0.571
Motobomba,192546,8104722,17/09/2008,0.54
Camanejos,197321,8100714,17/09/2008,0.001
Dren ciego,194330,8103436,17/09/2008,0.016
Rossy,195723,8102026,17/09/2008,0.021
Puntilla,196473,8103514,12/10/2008,0.255
Campesino,194248,8103536,12/10/2008,0.791
Centro de visitantes,193407,8104162,12/10/2008,0.587
Motobomba,192546,8104722,12/10/2008,0.803
Camanejos,197321,8100714,12/10/2008,0.038
Dren ciego,194330,8103436,12/10/2008,0
Rossy,195723,8102026,12/10/2008,0.008
Puntilla,196473,8103514,10/11/2008,0.203
Campesino,194248,8103536,10/11/2008,0.503
Centro de visitantes,193407,8104162,10/11/2008,0.43
Motobomba,192546,8104722,10/11/2008,0.502
Camanejos,197321,8100714,10/11/2008,0.005
Dren ciego,194330,8103436,10/11/2008,0
Rossy,195723,8102026,10/11/2008,0.031
Puntilla,196473,8103514,16/12/2008,0.197
Campesino,194248,8103536,16/12/2008,0.497
Centro de visitantes,193407,8104162,16/12/2008,0.445
Motobomba,192546,8104722,16/12/2008,0.52
Camanejos,197321,8100714,16/12/2008,0.022
Dren ciego,194330,8103436,16/12/2008,0.046
Rossy,195723,8102026,16/12/2008,0.084
Puntilla,196473,8103514,15/01/2007,0.171
Campesino,194248,8103536,15/01/2007,0.793
Centro de visitantes,193407,8104162,15/01/2007,0.611
Motobomba,192546,8104722,15/01/2007,0.843
Camanejos,197321,8100714,15/01/2007,0.068
Dren ciego,194330,8103436,15/01/2007,0.229
Rossy,195723,8102026,15/01/2007,0.107
Puntilla,196473,8103514,14/02/2007,0.18
Campesino,194248,8103536,14/02/2007,0.851
Centro de visitantes,193407,8104162,14/02/2007,0.699
Motobomba,192546,8104722,14/02/2007,0.911
Camanejos,197321,8100714,14/02/2007,0.105
Dren ciego,194330,8103436,14/02/2007,0.419
Rossy,195723,8102026,14/02/2007,0.044
Puntilla,196473,8103514,12/03/2007,0.325
Campesino,194248,8103536,12/03/2007,0.981
Centro de visitantes,193407,8104162,12/03/2007,0.668
Motobomba,192546,8104722,12/03/2007,0.763
Camanejos,197321,8100714,12/03/2007,0.007
Dren ciego,194330,8103436,12/03/2007,0.055
Rossy,195723,8102026,12/03/2007,0.099
Puntilla,196473,8103514,16/04/2007,0.295
Campesino,194248,8103536,16/04/2007,0.762
Centro de visitantes,193407,8104162,16/04/2007,0.694
Motobomba,192546,8104722,16/04/2007,0.78
Camanejos,197321,8100714,16/04/2007,0.086
Dren ciego,194330,8103436,16/04/2007,0.344
Rossy,195723,8102026,16/04/2007,0.068
Puntilla,196473,8103514,12/05/2007,0.381
Campesino,194248,8103536,12/05/2007,0.69
Centro de visitantes,193407,8104162,12/05/2007,0.532
Motobomba,192546,8104722,12/05/2007,0.719
Camanejos,197321,8100714,12/05/2007,0.029
Dren ciego,194330,8103436,12/05/2007,0.07
Rossy,195723,8102026,12/05/2007,0.009
Puntilla,196473,8103514,11/06/2007,0.323
Campesino,194248,8103536,11/06/2007,0.455
Centro de visitantes,193407,8104162,11/06/2007,0.413
Motobomba,192546,8104722,11/06/2007,0.465
Camanejos,197321,8100714,11/06/2007,0.016
Dren ciego,194330,8103436,11/06/2007,0
Rossy,195723,8102026,11/06/2007,0
Puntilla,196473,8103514,14/07/2007,0.278
Campesino,194248,8103536,14/07/2007,0.606
Centro de visitantes,193407,8104162,14/07/2007,0.77
Motobomba,192546,8104722,14/07/2007,0.653
Camanejos,197321,8100714,14/07/2007,0.016
Dren ciego,194330,8103436,14/07/2007,0.066
Rossy,195723,8102026,14/07/2007,0.013
Puntilla,196473,8103514,19/08/2007,0.378
Campesino,194248,8103536,19/08/2007,0.94
Centro de visitantes,193407,8104162,19/08/2007,0.965
Motobomba,192546,8104722,19/08/2007,0.748
Camanejos,197321,8100714,19/08/2007,0.006
Dren ciego,194330,8103436,19/08/2007,0
Rossy,195723,8102026,19/08/2007,0.054
Puntilla,196473,8103514,17/09/2007,0.385
Campesino,194248,8103536,17/09/2007,1.043
Centro de visitantes,193407,8104162,17/09/2007,1.123
Motobomba,192546,8104722,17/09/2007,0.796
Camanejos,197321,8100714,17/09/2007,0.037
Dren ciego,194330,8103436,17/09/2007,0
Rossy,195723,8102026,17/09/2007,0.044
Puntilla,196473,8103514,14/10/2007,0.275
Campesino,194248,8103536,14/10/2007,0.641
Centro de visitantes,193407,8104162,14/10/2007,0.466
Motobomba,192546,8104722,14/10/2007,0.512
Camanejos,197321,8100714,14/10/2007,0.005
Dren ciego,194330,8103436,14/10/2007,0.046
Rossy,195723,8102026,14/10/2007,0.056
Puntilla,196473,8103514,11/11/2007,0.276
Campesino,194248,8103536,11/11/2007,0.631
Centro de visitantes,193407,8104162,11/11/2007,0.621
Motobomba,192546,8104722,11/11/2007,0.759
Camanejos,197321,8100714,11/11/2007,0.045
Dren ciego,194330,8103436,11/11/2007,0
Rossy,195723,8102026,11/11/2007,0.049
Puntilla,196473,8103514,05/12/2007,0.123
Campesino,194248,8103536,05/12/2007,0.607
Centro de visitantes,193407,8104162,05/12/2007,0.49
Motobomba,192546,8104722,05/12/2007,0.623
Camanejos,197321,8100714,05/12/2007,0.006
Dren ciego,194330,8103436,05/12/2007,0.185
Rossy,195723,8102026,05/12/2007,0.024
Puntilla,196473,8103514,16/01/2006,0.331
Campesino,194248,8103536,16/01/2006,0.746
Centro de visitantes,193407,8104162,16/01/2006,0.53
Motobomba,192546,8104722,16/01/2006,0.626
Camanejos,197321,8100714,16/01/2006,0.066
Dren ciego,194330,8103436,16/01/2006,0.142
Rossy,195723,8102026,16/01/2006,0.12
Puntilla,196473,8103514,14/02/2006,0.254
Campesino,194248,8103536,14/02/2006,0.545
Centro de visitantes,193407,8104162,14/02/2006,0.521
Motobomba,192546,8104722,14/02/2006,0.677
Camanejos,197321,8100714,14/02/2006,0.13
Dren ciego,194330,8103436,14/02/2006,0.419
Rossy,195723,8102026,14/02/2006,0.034
Puntilla,196473,8103514,14/03/2006,0.163
Campesino,194248,8103536,14/03/2006,0.554
Centro de visitantes,193407,8104162,14/03/2006,0.609
Motobomba,192546,8104722,14/03/2006,0.693
Camanejos,197321,8100714,14/03/2006,0.07
Dren ciego,194330,8103436,14/03/2006,0.265
Rossy,195723,8102026,14/03/2006,0.103
Puntilla,196473,8103514,16/04/2006,0.125
Campesino,194248,8103536,16/04/2006,0.484
Centro de visitantes,193407,8104162,16/04/2006,0.405
Motobomba,192546,8104722,16/04/2006,0.715
Camanejos,197321,8100714,16/04/2006,0.115
Dren ciego,194330,8103436,16/04/2006,0.367
Rossy,195723,8102026,16/04/2006,0.027
Puntilla,196473,8103514,16/05/2006,0.214
Campesino,194248,8103536,16/05/2006,1.145
Centro de visitantes,193407,8104162,16/05/2006,0.925
Motobomba,192546,8104722,16/05/2006,1.152
Camanejos,197321,8100714,16/05/2006,0.012
Dren ciego,194330,8103436,16/05/2006,0
Rossy,195723,8102026,16/05/2006,0.01
Puntilla,196473,8103514,14/06/2006,0.193
Campesino,194248,8103536,14/06/2006,0.827
Centro de visitantes,193407,8104162,14/06/2006,0.85
Motobomba,192546,8104722,14/06/2006,0.764
Camanejos,197321,8100714,14/06/2006,0.006
Dren ciego,194330,8103436,14/06/2006,0
Rossy,195723,8102026,14/06/2006,0
Puntilla,196473,8103514,10/07/2006,0.33
Campesino,194248,8103536,10/07/2006,1.114
Centro de visitantes,193407,8104162,10/07/2006,0.834
Motobomba,192546,8104722,10/07/2006,1.018
Camanejos,197321,8100714,10/07/2006,0.006
Dren ciego,194330,8103436,10/07/2006,0
Rossy,195723,8102026,10/07/2006,0.05
Puntilla,196473,8103514,18/08/2006,0.315
Campesino,194248,8103536,18/08/2006,0.678
Centro de visitantes,193407,8104162,18/08/2006,0.61
Motobomba,192546,8104722,18/08/2006,0.673
Camanejos,197321,8100714,18/08/2006,0.006
Dren ciego,194330,8103436,18/08/2006,0
Rossy,195723,8102026,18/08/2006,0.054
Puntilla,196473,8103514,15/09/2006,0.217
Campesino,194248,8103536,15/09/2006,0.673
Centro de visitantes,193407,8104162,15/09/2006,0.634
Motobomba,192546,8104722,15/09/2006,0.589
Camanejos,197321,8100714,15/09/2006,0.007
Dren ciego,194330,8103436,15/09/2006,0
Rossy,195723,8102026,15/09/2006,0.047
Puntilla,196473,8103514,14/10/2006,0.275
Campesino,194248,8103536,14/10/2006,0.641
Centro de visitantes,193407,8104162,14/10/2006,0.466
Motobomba,192546,8104722,14/10/2006,0.512
Camanejos,197321,8100714,14/10/2006,0.005
Dren ciego,194330,8103436,14/10/2006,0.046
Rossy,195723,8102026,14/10/2006,0.056
Puntilla,196473,8103514,11/11/2006,0.276
Campesino,194248,8103536,11/11/2006,0.631
Centro de visitantes,193407,8104162,11/11/2006,0.621
Motobomba,192546,8104722,11/11/2006,0.759
Camanejos,197321,8100714,11/11/2006,0.045
Dren ciego,194330,8103436,11/11/2006,0
Rossy,195723,8102026,11/11/2006,0.049
Puntilla,196473,8103514,05/12/2006,0.123
Campesino,194248,8103536,05/12/2006,0.607
Centro de visitantes,193407,8104162,05/12/2006,0.49
Motobomba,192546,8104722,05/12/2006,0.623
Camanejos,197321,8100714,05/12/2006,0.006
Dren ciego,194330,8103436,05/12/2006,0.185
Rossy,195723,8102026,05/12/2006,0.024
Puntilla,196473,8103514,16/01/2005,0.067
Campesino,194248,8103536,16/01/2005,0.55
Centro de visitantes,193407,8104162,16/01/2005,0.429
Motobomba,192546,8104722,16/01/2005,0.484
Camanejos,197321,8100714,16/01/2005,0.05
Dren ciego,194330,8103436,16/01/2005,0.051
Rossy,195723,8102026,16/01/2005,0.047
Puntilla,196473,8103514,14/02/2005,0.192
Campesino,194248,8103536,14/02/2005,0.609
Centro de visitantes,193407,8104162,14/02/2005,0.599
Motobomba,192546,8104722,14/02/2005,0.747
Camanejos,197321,8100714,14/02/2005,0.144
Dren ciego,194330,8103436,14/02/2005,0.477
Rossy,195723,8102026,14/02/2005,0.081
Puntilla,196473,8103514,14/03/2005,0.262
Campesino,194248,8103536,14/03/2005,0.638
Centro de visitantes,193407,8104162,14/03/2005,0.202
Motobomba,192546,8104722,14/03/2005,0.544
Camanejos,197321,8100714,14/03/2005,0.086
Dren ciego,194330,8103436,14/03/2005,0.145
Rossy,195723,8102026,14/03/2005,0.757
Puntilla,196473,8103514,14/04/2005,0.202
Campesino,194248,8103536,14/04/2005,0.525
Centro de visitantes,193407,8104162,14/04/2005,0.447
Motobomba,192546,8104722,14/04/2005,0.636
Camanejos,197321,8100714,14/04/2005,0.294
Dren ciego,194330,8103436,14/04/2005,0.129
Rossy,195723,8102026,14/04/2005,0.67
Puntilla,196473,8103514,14/05/2005,0.326
Campesino,194248,8103536,14/05/2005,0.408
Centro de visitantes,193407,8104162,14/05/2005,0.106
Motobomba,192546,8104722,14/05/2005,0.594
Camanejos,197321,8100714,14/05/2005,0.227
Dren ciego,194330,8103436,14/05/2005,0.289
Rossy,195723,8102026,14/05/2005,0.079
Puntilla,196473,8103514,14/06/2005,0.292
Campesino,194248,8103536,14/06/2005,0.687
Centro de visitantes,193407,8104162,14/06/2005,0.395
Motobomba,192546,8104722,14/06/2005,0.569
Camanejos,197321,8100714,14/06/2005,0.016
Dren ciego,194330,8103436,14/06/2005,0.082
Rossy,195723,8102026,14/06/2005,0
Puntilla,196473,8103514,16/07/2005,0.406
Campesino,194248,8103536,16/07/2005,0.697
Centro de visitantes,193407,8104162,16/07/2005,0.502
Motobomba,192546,8104722,16/07/2005,1.019
Camanejos,197321,8100714,16/07/2005,0.006
Dren ciego,194330,8103436,16/07/2005,0.067
Rossy,195723,8102026,16/07/2005,0.01
Puntilla,196473,8103514,16/08/2005,0.211
Campesino,194248,8103536,16/08/2005,0.5
Centro de visitantes,193407,8104162,16/08/2005,0.392
Motobomba,192546,8104722,16/08/2005,0.649
Camanejos,197321,8100714,16/08/2005,0.052
Dren ciego,194330,8103436,16/08/2005,0.017
Rossy,195723,8102026,16/08/2005,0.008
Puntilla,196473,8103514,17/09/2005,0.267
Campesino,194248,8103536,17/09/2005,0.522
Centro de visitantes,193407,8104162,17/09/2005,0.391
Motobomba,192546,8104722,17/09/2005,0.51
Camanejos,197321,8100714,17/09/2005,0.028
Dren ciego,194330,8103436,17/09/2005,0.058
Rossy,195723,8102026,17/09/2005,0.018
Puntilla,196473,8103514,18/10/2005,0.307
Campesino,194248,8103536,18/10/2005,0.591
Centro de visitantes,193407,8104162,18/10/2005,0.317
Motobomba,192546,8104722,18/10/2005,0.479
Camanejos,197321,8100714,18/10/2005,0.05
Dren ciego,194330,8103436,18/10/2005,0.046
Rossy,195723,8102026,18/10/2005,0.011
Puntilla,196473,8103514,14/11/2005,0.195
Campesino,194248,8103536,14/11/2005,0.567
Centro de visitantes,193407,8104162,14/11/2005,0.455
Motobomba,192546,8104722,14/11/2005,0.529
Camanejos,197321,8100714,14/11/2005,0.083
Dren ciego,194330,8103436,14/11/2005,0.292
Rossy,195723,8102026,14/11/2005,0.07
Puntilla,196473,8103514,12/12/2005,0.17
Campesino,194248,8103536,12/12/2005,0.472
Centro de visitantes,193407,8104162,12/12/2005,0.438
Motobomba,192546,8104722,12/12/2005,0.4
Camanejos,197321,8100714,12/12/2005,0.029
Dren ciego,194330,8103436,12/12/2005,0.185
Rossy,195723,8102026,12/12/2005,0.065
Puntilla,196473,8103514,27/01/2004,0.219
Campesino,194248,8103536,27/01/2004,0.499
Centro de visitantes,193407,8104162,27/01/2004,0.395
Motobomba,192546,8104722,27/01/2004,0.991
Camanejos,197321,8100714,27/01/2004,0.1
Dren ciego,194330,8103436,27/01/2004,
Rossy,195723,8102026,27/01/2004,10.82
Puntilla,196473,8103514,27/02/2004,0.159
Campesino,194248,8103536,27/02/2004,0.519
Centro de visitantes,193407,8104162,27/02/2004,0.343
Motobomba,192546,8104722,27/02/2004,0.791
Camanejos,197321,8100714,27/02/2004,
Dren ciego,194330,8103436,27/02/2004,
Rossy,195723,8102026,27/02/2004,0.066
Puntilla,196473,8103514,20/03/2004,0.179
Campesino,194248,8103536,20/03/2004,0.616
Centro de visitantes,193407,8104162,20/03/2004,0.494
Motobomba,192546,8104722,20/03/2004,0.874
Camanejos,197321,8100714,20/03/2004,
Dren ciego,194330,8103436,20/03/2004,
Rossy,195723,8102026,20/03/2004,0.017
Puntilla,196473,8103514,23/04/2004,0.206
Campesino,194248,8103536,23/04/2004,0.709
Centro de visitantes,193407,8104162,23/04/2004,0.46
Motobomba,192546,8104722,23/04/2004,0.942
Camanejos,197321,8100714,23/04/2004,
Dren ciego,194330,8103436,23/04/2004,
Rossy,195723,8102026,23/04/2004,0.105
Puntilla,196473,8103514,27/05/2004,0.145
Campesino,194248,8103536,27/05/2004,0.457
Centro de visitantes,193407,8104162,27/05/2004,0.429
Motobomba,192546,8104722,27/05/2004,0.398
Camanejos,197321,8100714,27/05/2004,
Dren ciego,194330,8103436,27/05/2004,0.017
Rossy,195723,8102026,27/05/2004,0.091
Puntilla,196473,8103514,28/06/2004,0.12
Campesino,194248,8103536,28/06/2004,0.571
Centro de visitantes,193407,8104162,28/06/2004,0.44
Motobomba,192546,8104722,28/06/2004,0.646
Camanejos,197321,8100714,28/06/2004,0.003
Dren ciego,194330,8103436,28/06/2004,0.051
Rossy,195723,8102026,28/06/2004,0.073
Puntilla,196473,8103514,28/07/2004,0.245
Campesino,194248,8103536,28/07/2004,0.61
Centro de visitantes,193407,8104162,28/07/2004,0.425
Motobomba,192546,8104722,28/07/2004,0.569
Camanejos,197321,8100714,28/07/2004,0.038
Dren ciego,194330,8103436,28/07/2004,0.05
Rossy,195723,8102026,28/07/2004,0.011
Puntilla,196473,8103514,01/08/2004,0.256
Campesino,194248,8103536,01/08/2004,1.342
Centro de visitantes,193407,8104162,01/08/2004,0.616
Motobomba,192546,8104722,01/08/2004,1.442
Camanejos,197321,8100714,01/08/2004,0.135
Dren ciego,194330,8103436,01/08/2004,0.002
Rossy,195723,8102026,01/08/2004,0.011
Puntilla,196473,8103514,01/09/2004,0.157
Campesino,194248,8103536,01/09/2004,0.941
Centro de visitantes,193407,8104162,01/09/2004,0.495
Motobomba,192546,8104722,01/09/2004,0.989
Camanejos,197321,8100714,01/09/2004,0.032
Dren ciego,194330,8103436,01/09/2004,
Rossy,195723,8102026,01/09/2004,0.098
Puntilla,196473,8103514,01/10/2004,0.162
Campesino,194248,8103536,01/10/2004,0.572
Centro de visitantes,193407,8104162,01/10/2004,0.456
Motobomba,192546,8104722,01/10/2004,0.556
Camanejos,197321,8100714,01/10/2004,0.027
Dren ciego,194330,8103436,01/10/2004,
Rossy,195723,8102026,01/10/2004,0.027
Puntilla,196473,8103514,01/11/2004,0.151
Campesino,194248,8103536,01/11/2004,0.548
Centro de visitantes,193407,8104162,01/11/2004,0.396
Motobomba,192546,8104722,01/11/2004,0.452
Camanejos,197321,8100714,01/11/2004,
Dren ciego,194330,8103436,01/11/2004,
Rossy,195723,8102026,01/11/2004,0.023
Puntilla,196473,8103514,01/12/2004,0.102
Campesino,194248,8103536,01/12/2004,0.503
Centro de visitantes,193407,8104162,01/12/2004,0.411
Motobomba,192546,8104722,01/12/2004,0.47
Camanejos,197321,8100714,01/12/2004,0.036
Dren ciego,194330,8103436,01/12/2004,
Rossy,195723,8102026,01/12/2004,0.043
Puntilla,196473,8103514,01/01/2003,0.116
Campesino,194248,8103536,01/01/2003,0.579
Centro de visitantes,193407,8104162,01/01/2003,0.469
Motobomba,192546,8104722,01/01/2003,0.69
Camanejos,197321,8100714,01/01/2003,0.032
Dren ciego,194330,8103436,01/01/2003,
Rossy,195723,8102026,01/01/2003,0.042
Puntilla,196473,8103514,02/02/2003,0.163
Campesino,194248,8103536,02/02/2003,0.642
Centro de visitantes,193407,8104162,02/02/2003,0.523
Motobomba,192546,8104722,02/02/2003,0.764
Camanejos,197321,8100714,02/02/2003,0.084
Dren ciego,194330,8103436,02/02/2003,
Rossy,195723,8102026,02/02/2003,0.014
Puntilla,196473,8103514,03/03/2003,0.118
Campesino,194248,8103536,03/03/2003,0.532
Centro de visitantes,193407,8104162,03/03/2003,0.512
Motobomba,192546,8104722,03/03/2003,0.598
Camanejos,197321,8100714,03/03/2003,0.062
Dren ciego,194330,8103436,03/03/2003,
Rossy,195723,8102026,03/03/2003,
Puntilla,196473,8103514,04/04/2003,0.125
Campesino,194248,8103536,04/04/2003,0.616
Centro de visitantes,193407,8104162,04/04/2003,0.516
Motobomba,192546,8104722,04/04/2003,0.674
Camanejos,197321,8100714,04/04/2003,0.052
Dren ciego,194330,8103436,04/04/2003,
Rossy,195723,8102026,04/04/2003,0.042
Puntilla,196473,8103514,21/05/2003,0.149
Campesino,194248,8103536,21/05/2003,0.434
Centro de visitantes,193407,8104162,21/05/2003,0.365
Motobomba,192546,8104722,21/05/2003,0.436
Camanejos,197321,8100714,21/05/2003,0.036
Dren ciego,194330,8103436,21/05/2003,
Rossy,195723,8102026,21/05/2003,0.014
Puntilla,196473,8103514,19/06/2003,0.109
Campesino,194248,8103536,19/06/2003,0.387
Centro de visitantes,193407,8104162,19/06/2003,0.342
Motobomba,192546,8104722,19/06/2003,
Camanejos,197321,8100714,19/06/2003,
Dren ciego,194330,8103436,19/06/2003,
Rossy,195723,8102026,19/06/2003,
Puntilla,196473,8103514,21/07/2003,0.164
Campesino,194248,8103536,21/07/2003,0.546
Centro de visitantes,193407,8104162,21/07/2003,0.639
Motobomba,192546,8104722,21/07/2003,0.466
Camanejos,197321,8100714,21/07/2003,0.069
Dren ciego,194330,8103436,21/07/2003,
Rossy,195723,8102026,21/07/2003,
Puntilla,196473,8103514,21/08/2003,0.149
Campesino,194248,8103536,21/08/2003,0.488
Centro de visitantes,193407,8104162,21/08/2003,0.519
Motobomba,192546,8104722,21/08/2003,0.225
Camanejos,197321,8100714,21/08/2003,0.166
Dren ciego,194330,8103436,21/08/2003,
Rossy,195723,8102026,21/08/2003,
Puntilla,196473,8103514,21/09/2003,0.159
Campesino,194248,8103536,21/09/2003,1.043
Centro de visitantes,193407,8104162,21/09/2003,0.535
Motobomba,192546,8104722,21/09/2003,0.925
Camanejos,197321,8100714,21/09/2003,0.1
Dren ciego,194330,8103436,21/09/2003,
Rossy,195723,8102026,21/09/2003,
Puntilla,196473,8103514,21/10/2003,0.249
Campesino,194248,8103536,21/10/2003,0.69
Centro de visitantes,193407,8104162,21/10/2003,0.45
Motobomba,192546,8104722,21/10/2003,0.606
Camanejos,197321,8100714,21/10/2003,
Dren ciego,194330,8103436,21/10/2003,
Rossy,195723,8102026,21/10/2003,
Puntilla,196473,8103514,21/11/2003,0.185
Campesino,194248,8103536,21/11/2003,0.446
Centro de visitantes,193407,8104162,21/11/2003,0.47
Motobomba,192546,8104722,21/11/2003,0.392
Camanejos,197321,8100714,21/11/2003,
Dren ciego,194330,8103436,21/11/2003,
Rossy,195723,8102026,21/11/2003,
Puntilla,196473,8103514,21/12/2003,0.222
Campesino,194248,8103536,21/12/2003,0.55
Centro de visitantes,193407,8104162,21/12/2003,0.369
Motobomba,192546,8104722,21/12/2003,0.456
Camanejos,197321,8100714,21/12/2003,
Dren ciego,194330,8103436,21/12/2003,
Rossy,195723,8102026,21/12/2003,
Puntilla,196473,8103514,24/01/2002,0.11
Campesino,194248,8103536,24/01/2002,0.304
Centro de visitantes,193407,8104162,24/01/2002,0.357
Motobomba,192546,8104722,24/01/2002,0.232
Camanejos,197321,8100714,24/01/2002,0.08
Dren ciego,194330,8103436,24/01/2002,
Rossy,195723,8102026,24/01/2002,0.067
Puntilla,196473,8103514,26/02/2002,0.228
Campesino,194248,8103536,26/02/2002,0.403
Centro de visitantes,193407,8104162,26/02/2002,0.449
Motobomba,192546,8104722,26/02/2002,0.424
Camanejos,197321,8100714,26/02/2002,0.015
Dren ciego,194330,8103436,26/02/2002,
Rossy,195723,8102026,26/02/2002,0.06
Puntilla,196473,8103514,24/03/2002,0.196
Campesino,194248,8103536,24/03/2002,0.322
Centro de visitantes,193407,8104162,24/03/2002,0.379
Motobomba,192546,8104722,24/03/2002,0.462
Camanejos,197321,8100714,24/03/2002,1.045
Dren ciego,194330,8103436,24/03/2002,
Rossy,195723,8102026,24/03/2002,
Puntilla,196473,8103514,25/04/2002,0.165
Campesino,194248,8103536,25/04/2002,0.298
Centro de visitantes,193407,8104162,25/04/2002,0.404
Motobomba,192546,8104722,25/04/2002,0.397
Camanejos,197321,8100714,25/04/2002,0.012
Dren ciego,194330,8103436,25/04/2002,0.096
Rossy,195723,8102026,25/04/2002,
Puntilla,196473,8103514,25/05/2002,
Campesino,194248,8103536,25/05/2002,0.414
Centro de visitantes,193407,8104162,25/05/2002,0.748
Motobomba,192546,8104722,25/05/2002,0.393
Camanejos,197321,8100714,25/05/2002,0.03
Dren ciego,194330,8103436,25/05/2002,
Rossy,195723,8102026,24/05/2002,
Puntilla,196473,8103514,23/06/2002,0.216
Campesino,194248,8103536,23/06/2002,0.735
Centro de visitantes,193407,8104162,23/06/2002,0.349
Motobomba,192546,8104722,23/06/2002,0.449
Camanejos,197321,8100714,23/06/2002,0.076
Dren ciego,194330,8103436,23/06/2002,
Rossy,195723,8102026,23/06/2002,
Puntilla,196473,8103514,26/07/2002,0.256
Campesino,194248,8103536,26/07/2002,0.53
Centro de visitantes,193407,8104162,26/07/2002,0.563
Motobomba,192546,8104722,26/07/2002,0.638
Camanejos,197321,8100714,26/07/2002,0.012
Dren ciego,194330,8103436,26/07/2002,
Rossy,195723,8102026,26/07/2002,0.012
Puntilla,196473,8103514,29/08/2002,0.178
Campesino,194248,8103536,29/08/2002,0.531
Centro de visitantes,193407,8104162,29/08/2002,0.612
Motobomba,192546,8104722,29/08/2002,0.801
Camanejos,197321,8100714,29/08/2002,0.016
Dren ciego,194330,8103436,29/08/2002,
Rossy,195723,8102026,29/08/2002,
Puntilla,196473,8103514,29/09/2002,0.164
Campesino,194248,8103536,29/09/2002,0.576
Centro de visitantes,193407,8104162,29/09/2002,0.534
Motobomba,192546,8104722,29/09/2002,0.608
Camanejos,197321,8100714,29/09/2002,0.012
Dren ciego,194330,8103436,29/09/2002,
Rossy,195723,8102026,29/09/2002,
Puntilla,196473,8103514,01/10/2002,0.16
Campesino,194248,8103536,01/10/2002,0.729
Centro de visitantes,193407,8104162,01/10/2002,0.54
Motobomba,192546,8104722,01/10/2002,0.942
Camanejos,197321,8100714,01/10/2002,0.011
Dren ciego,194330,8103436,01/10/2002,
Rossy,195723,8102026,01/10/2002,
Puntilla,196473,8103514,01/11/2002,0.197
Campesino,194248,8103536,01/11/2002,0.738
Centro de visitantes,193407,8104162,01/11/2002,0.54
Motobomba,192546,8104722,01/11/2002,0.818
Camanejos,197321,8100714,01/11/2002,0.035
Dren ciego,194330,8103436,01/11/2002,
Rossy,195723,8102026,01/11/2002,
Puntilla,196473,8103514,06/12/2002,0.123
Campesino,194248,8103536,06/12/2002,0.605
Centro de visitantes,193407,8104162,06/12/2002,0.569
Motobomba,192546,8104722,06/12/2002,0.681
Camanejos,197321,8100714,06/12/2002,0.062
Dren ciego,194330,8103436,06/12/2002,
Rossy,195723,8102026,06/12/2002,
